{"position": {"y": 0.0001234955357246845, "x": 0.11531045608586785, "z": 0.138}, "orientation": {"y": 0.0, "x": 0.0, "z": 0.0005288359758740454, "w": 0.9999998601662455}}
