{
    "mobile_robots" : {
        "dashgo_0" :
            {
            "id" : "dashgo_0",
            "type" : "dashgo",
            "base_position" : [0.591092,4.537635,0.000000,0.000000,0.003459,0.999994]
            },
        "dashgo_1":
            {
            "id" : "dashgo_1",
            "type" : "dashgo",
            "base_position" : [0.571774,3.399817,0.000000,0.000000,0.003680,0.999993]
            }
    },
    "static_robots" : {
        "assembly" : {
            "type" : "workstation",
            "position" : [6.632407,4.527364,0.000000,0.000000,-0.686693,0.726947],
            "input" : [[4.892586,4.487000,0.000000,0.000000,0.002343,0.999997],[5.610926,4.448058,0.000000,0.000000,0.003606,0.999993]],
            "output" : [[5.610926,4.448058,0.000000,0.000000,0.003606,0.999993]]
        },
        "boxing" : {
            "type" : "workstation",
            "position" : [6.632407,4.527364,0.000000,0.000000,-0.686693,0.726947],
            "input" : [[5.518160,3.220046,0.000000,0.000000,0.003469,0.999994]],
            "output" : [[5.518160,3.220046,0.000000,0.000000,0.003469,0.999994]]
        },
        "conveyor" : {
            "type" : "workstation",
            "position" : [6.632407,4.527364,0.000000,0.000000,-0.686693,0.726947],
            "input" : [[5.610926,4.448058,0.000000,0.000000,0.003606,0.999993],[5.610926,4.448058,0.000000,0.000000,0.003606,0.999993]],
            "output" : [[5.610926,4.448058,0.000000,0.000000,0.003606,0.999993]]
        },
        "CNC" : {
            "type" : "workstation",
            "position" : [1.333141,0.710106,0.000000,0.000000,0.719534,0.694457],
            "input" : [[1.871156,2.166932,0.000000,0.000000,-0.714680,0.699452]],
            "output" : [[1.265335,1.442573,0.000000,0.000000,-0.699077,0.715046]]
        },
        "raw_materials" : {
            "type" : "storage",
            "position" : [1.304616,6.619396,0.000000,0.000000,-0.687937,0.725770],
            "input" : [[2.615005,6.516694,0.000000,0.000000,0.999994,-0.003424]],
            "output" : [[1.674055,5.062264,0.000000,0.000000,0.808037,0.589132],[3.542427,6.077384,0.000000,0.000000,0.998013,0.063004]]
        },
        "finished_product" : {
            "type" : "storage",
            "position" : [12.055342,1.215784,0.000000,0.000000,0.999997,0.002400],
            "input" : [[11.123427,1.131921,0.000000,0.000000,0.004939,0.999988]],
            "output" : [[11.123427,1.131921,0.000000,0.000000,0.004939,0.999988]]
        }
    },
    "process_steps": [
        ["raw_materials-0", "CNC-0", "dashgo"],
        ["raw_materials-1", "assembly-0", "dashgo"],
        ["CNC-0", "assembly-1", "dashgo"],
        ["assembly-0", "conveyor-0", "none"],
        ["conveyor-0", "boxing-0", "none"],
        ["boxing-0", "finished_product-0", "dashgo"]
    ]
}